Date,SOROS FUND MANAGEMENT LLC,PAULSON & CO.INC. ,TIGER GLOBAL MANAGEMENT LLC,BERKSHIRE HATHAWAY INC
3/2/15,,,,
3/3/15,-0.001265508,-0.004980519,-0.000495532,-0.00656867
3/4/15,0.002229913,0.00324128,-0.002533977,0.004213019
3/5/15,0.004016002,0.004076053,0.002354657,0.00672633
3/6/15,-0.007905357,-0.003574034,-0.008481173,-0.013098061
3/9/15,0.00058228,0.00422541,0.005842736,-0.001652455
3/10/15,-0.010262967,-0.005340724,-0.012079154,-0.009739028
3/11/15,0.004011921,0.005163143,0.003311826,-0.001146676
3/12/15,0.00826463,0.010271619,0.01311689,0.010801418
3/13/15,-0.002497275,-0.001428416,-0.003697187,-0.008142218
3/16/15,0.007900621,0.003582534,0.007953005,0.008054624
3/17/15,0.002141904,0.002928106,-0.000687182,0.000384357
3/18/15,0.009602759,0.007513097,0.00955688,0.007853525
3/19/15,-0.000778477,-0.002554227,-0.002925094,0.002362937
3/20/15,0.0096573,0.000983377,0.007390779,0.007104656
3/23/15,-6.67E-05,-0.0005135,-0.000108753,0.000591099
3/24/15,-0.002570523,-0.004808023,-0.003320926,-0.001012994
3/25/15,-0.006156197,-0.008018356,-0.011171537,-0.014567301
3/26/15,-0.00209788,-0.000592914,-0.001034535,-0.001211623
3/27/15,-7.50E-05,0.002087889,0.002189585,0.004775707
3/30/15,0.008112674,0.002219686,0.008616824,0.005227895
3/31/15,-0.005444593,-0.003021171,-0.003968001,0.00185806
4/1/15,0.000918528,0.000156815,-0.002001537,-0.003865396
4/2/15,0.002561296,0.004299034,0.00305813,0.00196643
4/6/15,0.005367594,0.003763108,0.004631174,0.004920475
4/7/15,-0.001242609,-0.000171479,-0.002059815,0.00188225
4/8/15,0.006185463,0.012652294,0.003452016,0.012351575
4/9/15,0.004035616,0.003231504,-0.000452619,-0.001904683
4/10/15,-9.02E-05,0.001230213,0.002385874,0.001661398
4/13/15,-0.003447611,-0.002766344,-0.004071748,-0.003073782
4/14/15,0.003392775,0.002021444,0.002141971,0.007515956
4/15/15,0.00475577,0.001752668,0.003753945,0.004871806
4/16/15,-0.002110842,-0.003231826,0.000510125,0.000102473
4/17/15,-0.009431568,-0.002200963,-0.010617456,-0.013045667
4/20/15,-0.000507573,0.001238745,0.006252429,0.000780097
4/21/15,0.00426572,0.004629489,0.004878592,0.007804664
4/22/15,0.00097416,-0.000827268,0.008590965,0.003767685
4/23/15,0.001066555,0.002972371,0.000736444,0.007060748
4/24/15,0.003218163,0.000466606,0.001550174,0.0002595
4/27/15,-0.002620081,-0.011321296,-0.00381151,-0.002663719
4/28/15,-0.000455319,0.00188613,0.00273113,-0.004364477
4/29/15,-0.004232729,0.001443409,-0.00076022,-0.005849478
4/30/15,-0.009174576,-0.004279583,-0.010341231,-0.007964248
5/1/15,0.006051125,0.002551181,0.006526302,0.009650243
5/4/15,0.003133127,0.000620641,0.002410865,0.003732151
5/5/15,-0.012248413,-0.00348093,-0.006610154,-0.014421071
5/6/15,0.00044335,-0.003400236,-0.005486683,-0.005900262
5/7/15,0.008045893,0.004369826,0.002093555,0.007973106
5/8/15,0.006919051,0.006408434,0.008641432,0.005774652
5/11/15,-0.002807456,-0.000463437,-0.006247434,-0.00078148
5/12/15,0.000853872,-0.000780824,-0.003578166,-0.00793155
5/13/15,0,0,0,0
5/14/15,0,0,0,0
5/15/15,0.003392027,0.000347435,0.002330222,0.005031992
5/18/15,0.001025397,0.004321057,0.002333081,0.002299543
5/19/15,-0.001098655,-0.000593672,0.002077732,-0.000825185
5/20/15,-0.001873225,0.001273743,0.000438294,0.001162462
5/21/15,0.002224607,0.003177998,0.000917473,0.00459676
5/22/15,0.000541759,0.000292061,0.000734415,0.005267552
5/26/15,-0.008718305,0.000967645,-0.007167085,-0.003362259
5/27/15,0.005535939,0.00338268,0.005831381,0.003505379
5/28/15,-0.001598736,0.000619034,-0.001491396,-0.008909478
5/29/15,-0.001533117,5.87E-05,-0.00497334,-0.005497828
6/1/15,0.002081276,-0.000112962,0.000836706,0.002915761
6/2/15,0.003203909,0.000480075,-0.001260949,0.000717483
6/3/15,0.003248171,-7.99E-05,0.00101337,0.00101699
6/4/15,-0.00580556,-0.004054095,-0.009548399,-0.009874479
6/5/15,0.002224207,0.001223704,-0.000967285,0.010381325
6/8/15,-0.010053138,-0.003460628,-0.007402033,-0.006331944
6/9/15,0.000308413,0.000250846,0.000541216,-0.001595341
6/10/15,0.009506766,0.004911196,0.008996315,0.012598817
6/11/15,-0.000293065,0.001705947,0.004141263,0.000491319
6/12/15,-0.002107747,-0.002434461,-0.005533909,0.004255973
6/15/15,-0.003400452,-0.001551229,-0.00485451,-0.007897064
6/16/15,0.001089288,-0.000128639,0.002638028,0.001090838
6/17/15,-0.001714675,-0.002332744,0.000838183,0.000871123
6/18/15,0.003868265,0.00480445,0.008363286,0.003289395
6/19/15,-0.001798929,-0.000909667,-0.001543031,-0.009432283
6/22/15,0.006302291,0.002397348,0.003600632,0.001921423
6/23/15,0.000871676,0.001200335,-0.000382514,0.003066972
6/24/15,-0.005693619,-0.004625272,-0.009462694,-0.005725121
6/25/15,0.001699334,0.001594697,-0.001646108,-0.008247425
6/26/15,-0.010598004,-0.00498552,0.003985805,-0.005102936
6/29/15,-0.019128767,-0.006835206,-0.01938372,-0.019996585
6/30/15,0.006073271,0.001549599,0.00407133,0.011825534
7/1/15,-0.001364683,0.002100393,0.005814716,-0.001304262
7/2/15,0.000612712,-0.000138648,-0.00178146,-0.009721228
7/3/15,0,0,0,0
7/6/15,-0.005870023,-0.002185728,-0.001082639,-0.00579907
7/7/15,0.000597289,0.003961578,0.004652292,-0.007633502
7/8/15,-0.017211462,-0.007654142,-0.014787698,-0.011736734
7/9/15,0.007471983,0.003886517,0.000440839,0.017669528
7/10/15,0.008968962,0.003588516,0.013604942,0.007015003
7/13/15,0.00794592,0.001149332,0.008658117,0.010178483
7/14/15,0.004871979,0.004467472,0.002888432,0.001855554
7/15/15,-0.008264115,-0.004295559,-0.00234444,-0.010163411
7/16/15,0.00268309,-0.002170076,0.00393482,0.014834819
7/17/15,-0.001662114,-0.003665067,0.001108469,0.00845219
7/20/15,-0.008216656,-0.003348756,0.001344591,-0.004670495
7/21/15,0.000868409,0.000730655,-0.006045644,-0.001677818
7/22/15,-0.00205272,-0.001337522,0.001271361,0.001726141
7/23/15,0.002767534,-0.001676863,-0.002089977,-0.010945777
7/24/15,-0.011161311,-0.005701263,-0.003370506,-0.00978218
7/27/15,-0.008945558,-0.01259146,-0.008106781,-0.018804005
7/28/15,0.008596549,0.00215938,0.007026321,0.008162662
7/29/15,0.00766212,0.003381917,0.007917432,0.003607057
7/30/15,0.000232689,0.002115519,0.003160207,-0.002041579
7/31/15,-0.002888116,-0.001038729,-0.001834497,-0.000192423
8/3/15,-0.004603007,-0.001983652,0.001359716,-3.61E-05
8/4/15,0.001342262,-0.010218335,0.00068435,-0.003354298
8/5/15,0.00421879,-0.003760371,0.001799988,0.004377033
8/6/15,0.000445972,-0.003822025,-0.005835759,-0.002837751
8/7/15,-0.005017721,0.002052717,-0.001414968,-0.007747359
8/10/15,0.014225878,0.010811096,0.008946055,0.005262503
8/11/15,0,0,0,0
8/12/15,0,0,0,0
8/13/15,0,0,0,0
8/14/15,0.000401433,-0.000413137,0.004329818,0.012245167
8/17/15,0.00444947,0.004695835,0.003442329,-0.00522248
8/18/15,-0.006355226,-0.000173904,-0.001721585,-0.012749169
8/19/15,-0.007915327,-0.005929745,-0.002801521,-0.006636527
8/20/15,-0.019236354,-0.014526327,-0.019340361,-0.047108487
8/21/15,-0.016851864,-0.009936541,-0.027372993,-0.019140375
8/24/15,-0.029425529,-0.015218625,-0.02938089,-0.038900428
8/25/15,-0.006769649,-0.00494404,-0.006170457,0.022718117
8/26/15,0.022245999,0.016486805,0.029021038,0.031408195
8/27/15,0.024140402,0.011821119,0.017401649,0.039967677
8/28/15,0.004107906,-0.000437896,-0.001647368,-0.007137201
8/31/15,-0.003931145,-0.003050456,-0.004977246,-0.019649511
9/1/15,-0.018979866,-0.012439286,-0.022997284,-0.037577031
9/2/15,0.012422403,0.004931528,0.011321696,0.0077459
9/3/15,0.002878606,-0.001426109,0.005152497,-0.009052281
9/4/15,-0.009752111,-0.001392928,-0.011553386,-0.029777647
9/7/15,0,0,0,0
9/8/15,0.01505478,0.008984354,0.016258967,0.01508439
9/9/15,-0.006732913,-0.010875914,-0.009148926,0.010727262
9/10/15,0.001680244,-0.000496626,0.001535972,-0.006015189
9/11/15,0.001460422,0.002205829,0.003167561,0.003707805
9/14/15,-0.003258315,0.000672429,-0.003333144,-0.007333693
9/15/15,0.005729503,0.007811205,0.008214517,0.021623609
9/16/15,0.010403592,0.003123143,0.004714349,0.034813221
9/17/15,0.004172837,0.002689819,0.000233455,0.007767269
9/18/15,-0.011807905,-0.00812443,-0.012255814,-0.017581769
9/21/15,-0.005188923,-0.008369837,0.006756613,-0.006352392
9/22/15,-0.014365925,-0.004426876,-0.010957796,-0.014606118
9/23/15,-0.006966929,-0.005043451,0.001344323,-0.01506444
9/24/15,-0.006186555,-0.000313691,-0.008966371,0.018674685
9/25/15,-0.008705068,-0.011242273,-0.003189609,0.001449611
9/28/15,-0.030526244,-0.030281634,-0.026430411,-0.030485018
9/29/15,-0.004079252,-0.008338889,0.003501654,-0.004657832
9/30/15,0.017704007,0.016845118,0.011872546,0.035166387
10/1/15,0.004077474,0.008618785,0.001611418,0.010070904
10/2/15,0.017717791,0.014584382,0.009093372,0.03510464
10/5/15,0.01628556,-1.95E-05,0.015564674,0.012317612
10/6/15,0.000811614,-0.000968715,-0.005172395,-0.016468317
10/7/15,0.010538207,0.000652676,0.00899582,0.005766412
10/8/15,0.006026106,0.006219884,0.003262366,0.011985152
10/9/15,0.001165907,-0.001116525,0.000319722,0.010405325
10/12/15,-0.002263128,-0.002413938,0.002225022,0.003727053
10/13/15,-0.008954028,-0.011396895,-0.003731907,-0.026305707
10/14/15,0.000324615,0.004492338,-0.00468055,-0.018379724
10/15/15,0.011445827,0.006205948,0.01847233,0.002557152
10/16/15,0.003940917,0.004156691,0.006172903,0.005242967
10/19/15,-0.004317907,-0.001756047,0.000459828,0.007145026
10/20/15,-0.00232821,-0.008878343,0.001414751,-0.008820903
10/21/15,-0.013934386,-0.010111109,-0.006907991,-0.015733696
10/22/15,0.009899543,-0.00822166,0.006310245,0.007891756
10/23/15,0.012022489,0.018284441,0.008114225,0.01709353
10/26/15,0.005491179,0.003899617,0.004319304,0.004006688
10/27/15,-0.010447777,0.003750166,-0.004141275,0.001680037
10/28/15,0.01620148,0.006398183,0.006544587,0.01154466
10/29/15,-0.001293035,0.003684835,0.001308974,-0.003634455
10/30/15,0.004128295,-0.001505252,-0.010815732,0.006531212
11/2/15,0.012484215,0.010355823,0.002313769,0.013296888
11/3/15,0.005853278,0.002269035,0.00712982,0.014330635
11/4/15,-0.001737768,-0.000705568,-0.001938117,0.003514265
11/5/15,-0.006155277,-0.004111329,0.002058635,-0.011633423
11/6/15,0.00554267,-0.000919133,0.001777847,0.014817749
11/9/15,-0.007598567,-0.010759284,-0.011258892,-0.019281795
11/10/15,2.63E-05,0.005827561,0.002581453,-0.006143395
11/11/15,-0.004923494,-0.007050813,-0.00074907,-0.003554894
11/12/15,0,0,0,0
11/13/15,0,0,0,0
11/16/15,0.006608182,0.002106794,0.012049452,0.040576468
11/17/15,0.00322445,0.001726307,-0.001408729,0.014900777
11/18/15,0.014131124,0.010304303,0.015153254,0.017856814
11/19/15,-0.003442308,-0.004860645,0.006745932,0.003205844
11/20/15,0.005783832,0.006760349,0.003272351,0.022681416
11/23/15,-0.001089398,-0.003780893,0.003150547,0.012117308
11/24/15,0.003381846,0.006359086,0.003375936,-0.00636458
11/25/15,0.002190338,0.004682032,0.001627705,7.69E-06
11/26/15,0,0,0,0
11/27/15,-0.000388602,3.71E-06,0.001179733,0.004218516
11/30/15,0.001682558,-0.005443745,-0.010322597,-0.003612938
12/1/15,0.004271463,0.010080739,0.009055467,0.01064854
12/2/15,-0.007470587,-0.007102581,-0.016162738,0.011200215
12/3/15,-0.012023344,-0.007406779,-0.018869472,-0.015716052
12/4/15,0.008003428,0.007254342,0.012094497,0.022916851
12/7/15,-0.011234284,-0.002762759,-0.009607941,-0.011713182
12/8/15,-0.003350991,-0.003540145,-0.000811959,-0.000835182
12/9/15,-0.003791745,-0.00384018,-0.009431882,-0.014748961
12/10/15,0.000473379,0.002977121,0.00059422,-0.000509722
12/11/15,-0.01555388,-0.008344657,-0.017980689,-0.034280478
12/14/15,-0.004105289,-0.000151731,0.012145951,0.004763181
12/15/15,0.011163635,0.007587123,0.013456848,0.009111588
12/16/15,0.010686284,0.00537931,0.013326593,0.024483909
12/17/15,-0.008055648,-0.005603664,-0.013551781,-0.005376775
12/18/15,-0.004021637,-0.005681267,-0.016062921,-0.01161244
12/21/15,0.005315769,0.004494523,0.015592663,-0.001764903
12/22/15,0.00550857,0.003882416,0.017028394,0.001558585
12/23/15,0.008939466,0.008066377,0.018596023,0.010676734
12/24/15,0.000528937,-0.000479649,-0.005401083,-0.002535038
12/28/15,-0.004882765,-0.006346526,-0.005517686,-0.010758565
12/29/15,0.008287332,0.006366369,0.014435764,0.01274112
12/30/15,-0.009673965,-0.003495616,-0.010775181,-0.01494489
12/31/15,-0.002584078,-0.00323724,-0.010973936,-0.006501793
1/4/16,-0.013263148,-0.006037349,-0.006017318,-0.043189921
1/5/16,-0.00039785,0.00224179,0.006797847,-0.002960013
1/6/16,-0.011557802,-0.006955198,-0.003349229,0.017757781
1/7/16,-0.020495339,-0.007166956,-0.021323747,-0.033944411
1/8/16,-0.008148968,-0.008306974,-0.010071053,-0.017584669
1/11/16,-0.005271563,-0.001479941,0.011699385,-0.003926503
1/12/16,0.002875286,0.0007026,0.01068518,0.018388565
1/13/16,-0.02227826,-0.014761785,-0.030348789,-0.050611685
1/14/16,0.01292583,0.012862651,0.003901906,0.015141171
1/15/16,-0.018822825,-0.009387307,-0.020972234,-0.027998318
1/18/16,0,0,0,0
1/19/16,-0.008979177,-0.005699769,0.008740477,0.008348488
1/20/16,-0.007551413,0.000564012,0.007992994,-0.012271891
1/21/16,0.008035515,0.002367665,0.01982096,-0.008080041
1/22/16,0.018207614,0.010098188,0.019629006,0.014578037
1/25/16,-0.016316813,-0.006365399,-0.008262493,-0.019433381
1/26/16,0.015853884,0.007578693,0.021746422,-0.002146621
1/27/16,-0.009783785,-0.009412008,-0.002602735,-0.044122104
1/28/16,-0.000943719,-0.00961887,0.001194885,0.006963993
1/29/16,0.020814895,0.011936298,0.025682038,0.015365969
2/1/16,0.001107017,0.003331031,-0.009244904,0.001743871
2/2/16,-0.017924712,-0.009350856,-0.015570797,-0.030383155
2/3/16,0.003870461,0.001781756,-0.009526026,-0.007390693
2/4/16,0.008024947,0.000345587,-0.006527596,0.013606194
2/5/16,-0.018228167,-0.005381839,-0.017520713,-0.066505401
2/8/16,-0.02645093,-0.018074688,-0.02230193,-0.019696861
2/9/16,-0.005715164,0.001115694,0.002645923,-0.000242346
2/10/16,0.002316695,0.003364959,0.007319914,0.015840221
2/11/16,0,0,0,0
2/12/16,0,0,0,0
2/15/16,0,0,0,0
2/16/16,0.021758653,0.013462976,0.008260372,0.048366109
2/17/16,0.019217694,0.016533546,0.024427285,0.030453047
2/18/16,-0.003321489,-0.011458415,-0.008407096,-0.020017981
2/19/16,0.001313359,-0.00375328,-0.000230557,0.002572534
2/22/16,0.01712856,0.011408935,0.002888656,0.020310384
2/23/16,-0.009970247,-0.000776612,-0.008206091,-0.022989079
2/24/16,0.006225517,0.000832755,0.002488915,0.01213214
2/25/16,0.00869113,0.014958124,0.022395658,-0.011996734
2/26/16,0.003479999,0.002173846,0.026420922,0.008685146
2/29/16,-0.007370848,-0.015971912,-0.007554188,-0.001977312
3/1/16,0.016905863,0.009735027,0.012633784,0.030163927
3/2/16,0.005056868,0.00218814,-0.000338074,7.27E-05
3/3/16,0.001230573,-0.002979849,0.002121857,-0.005008509
3/4/16,0.004183357,-0.003887637,-0.000670711,0.022272165
3/7/16,0.00566087,0.008623211,-0.006536818,-0.013451826
3/8/16,-0.017508454,-0.011011396,-0.006303,-0.004350897
3/9/16,0.005793885,0.009729152,0.004657037,0.007992729
3/10/16,-0.003894556,-0.000311287,-0.004456508,-0.004563715
3/11/16,0.019037777,0.015285069,0.010857812,0.027820305
3/14/16,-0.005807189,-0.003377257,0.005121031,-0.001028686
3/15/16,-0.013791906,-0.022875438,0.000748003,-0.011230743
3/16/16,0.006176907,-0.007324738,0.010585755,0.01468664
3/17/16,0.001794158,-0.00874104,0.003232417,-0.003816667
3/18/16,0.002126587,0.000654095,-0.004215522,0.008378716
3/21/16,0.001371107,0.007469001,-0.00711074,0.0042219
3/22/16,-0.004525725,0.005903967,-0.00192045,-0.003169261
3/23/16,-0.009990519,-0.005828894,0.001138184,-0.010514428
3/24/16,-0.000286712,0.000219099,-0.00448154,-0.004459173
3/28/16,-0.003064309,-0.004706905,0.011617281,-0.000364795
3/29/16,0.008985406,0.011124467,0.01291685,0.018896309
3/30/16,0.002820828,-0.001669264,0.002588124,0.008359607
3/31/16,-0.000924994,-0.00351045,-0.002439557,-0.001708586
4/1/16,0.00327538,0.007024011,0.005527045,0.013311262
4/4/16,-0.00357432,0.002967678,-0.003513715,-0.00537662
4/5/16,-0.009667909,-0.022689103,-0.01046057,-0.004369921
4/6/16,0.008819401,0.018039444,0.005895946,0.006583222
4/7/16,-0.009401696,-0.004248591,-0.011561601,-0.007112992
4/8/16,0.003901575,-0.005314753,0.00959096,0.002217608
4/11/16,-0.005831029,-0.009683373,-0.005430751,0.00371478
4/12/16,0.00601326,-0.003576112,0.006784413,0.023829152
4/13/16,0.012289414,0.005596572,-0.004322493,0.027532133
4/14/16,0.000606495,-0.002204067,-0.002096653,0.000565468
4/15/16,-0.002370026,-0.001045279,0.007154914,0.007160457
4/18/16,0.007066815,0.0057728,0.004608101,-0.008639802
4/19/16,0.003919928,0.009115508,0.001912746,-0.036515261
4/20/16,0.002563524,0.00096098,-0.002780428,0.006317437
4/21/16,-0.000545362,0.006034894,-0.012476795,-0.008507644
4/22/16,0.00516096,0.000892161,0.011491017,-0.001503479
4/25/16,-0.010636875,-0.017047392,0.005078456,-0.014188558
4/26/16,0.002614442,-0.003782852,0.001361128,-0.016556913
4/27/16,0.001694356,0.000656805,0.004552152,0.002909508
4/28/16,-0.005115166,-0.009995548,-0.007945956,0.000282031
4/29/16,-0.00905843,-0.006856352,-0.005840948,-0.001041072
5/2/16,0.0042269,0.001584067,0.014011039,0.002750569
5/3/16,-0.008875533,0.001420407,-0.010383582,-0.019709272
5/4/16,-0.007071908,-0.009152156,0.009203088,-0.00896886
5/5/16,0.001495355,-0.00527686,0.025759788,0.000301096
5/6/16,-0.007515538,-0.023791933,0.008882508,-0.001711412
5/9/16,-0.000240672,0.016252387,0.002431556,-0.016206568
5/10/16,0.009993003,0.010116332,0.018611689,0.014961364
5/11/16,-0.007977755,-0.01088647,-0.010006691,-0.019801061
5/12/16,-0.00635444,-0.009244467,0.008024237,-0.019394184
5/13/16,0,0,0,0
5/16/16,0.004043796,0.007446328,0.008351188,0.010013848
5/17/16,-0.004803249,0.006703595,-0.032591919,0.000118784
5/18/16,0.00129417,0.00422069,-0.006760793,0.014574718
5/19/16,-0.007958497,-0.008679475,0.014543047,-0.008499553
5/20/16,0.00692359,0.011774039,-0.003294598,0.018550445
5/23/16,0.002997393,-0.005452427,0.00184457,0.002859235
5/24/16,0.011672062,0.012197134,0.016772338,0.0241713
5/25/16,0.002991873,0.001641297,0.006946248,0.000789076
5/26/16,0.002677254,0.004943587,-0.004228361,0.005763967
5/27/16,0.004778118,0.005390044,0.003967544,0.011433292
5/31/16,0.003186047,0.002996159,-0.00804659,-0.000483245
6/1/16,0.004003271,0.011654015,0.00732064,-0.006106676
6/2/16,0.011018476,0.009952887,0.008230804,0.001562688
6/3/16,0.000180481,-0.002503023,0.002553084,-0.015424494
6/6/16,0.004054308,0.008038045,-0.000788757,0.009988044
6/7/16,0.003544631,0.000857327,-0.001582171,-0.015105109
6/8/16,0.000461273,-0.000279322,0.004087288,-0.014418702
6/9/16,-0.002228996,-0.005656139,0.00313221,-0.001345551
6/10/16,-0.010181081,-0.015601558,-0.005449781,-0.021267812
6/13/16,-0.007234632,0.00070456,-0.005589581,-0.002648608
6/14/16,-0.00482451,0.002465618,-0.000771648,-0.001768305
6/15/16,0.00330545,-0.00672014,-0.000709485,-0.005165705
6/16/16,7.05E-05,-0.002726815,0.004143075,0.005737026
6/17/16,-0.003619327,-0.003006196,-0.004457958,-0.007595979
6/20/16,0.005608765,0.002350508,0.008264936,0.012130597
6/21/16,-0.000259552,-0.006424475,0.001887096,-0.007710251
6/22/16,-0.002382662,-0.001197697,-0.004501002,-0.006659974
6/23/16,0.009902316,0.013068101,0.014758036,0.014884774
6/24/16,-0.030825875,-0.027631268,-0.033415876,-0.032437862
6/27/16,-0.020228918,-0.020417333,-0.007787455,-0.025190831
6/28/16,0.013726672,0.022680481,0.013722436,0.017600273
6/29/16,0.011492927,0.012636824,0.017118286,0.023445146
6/30/16,0.007980273,0.003113566,0.021142478,0.009471798
7/1/16,0.001325471,0.004742544,-0.000872527,0.022238414
7/4/16,0,0,0,0
7/5/16,-0.008327042,-0.005602722,0.000767028,-0.005191946
7/6/16,0.000467258,0.006914282,0.008484162,-0.015455169
7/7/16,0.002406265,0.000951275,-0.001835805,0.005831156
7/8/16,0.01445843,0.010150475,0.008706215,0.013886575
7/11/16,0.00418528,0.000723262,0.00214312,0.003635587
7/12/16,0.008519447,0.006754526,-0.013582106,0.014813517
7/13/16,-0.002238563,0.005424614,0.011063471,-0.004847988
7/14/16,0.005691391,0.002573129,-0.003246045,0.008575664
7/15/16,0.001472639,-0.001051789,0.00353745,-0.004434504
7/18/16,0.001340966,0.00172154,0.003508934,0.010360605
7/19/16,-0.003833125,-0.004632622,-0.001430643,-0.041376051
7/20/16,0.005734721,0.015826568,-0.004951466,0.016233429
7/21/16,0.000669184,-0.001840806,-0.005273174,-0.014567611
7/22/16,0.003516653,0.000798573,0.006218415,0.002339126
7/25/16,-0.000404439,4.20E-05,0.000778214,0.004937805
7/26/16,0.001745796,-0.000914666,-0.010835213,0.02074897
7/27/16,-0.001219353,0.009839676,-0.01368892,-5.75E-05
7/28/16,-0.001454078,-0.003270693,0.003591824,-0.000693587
7/29/16,9.09E-05,-0.00368905,0.003919568,-0.007451165
8/1/16,-0.000178037,0.002351727,-0.005478871,0.017359106
8/2/16,-0.009706977,0.001680486,-0.00871828,-0.005194936
8/3/16,0.005436983,0.012793729,-0.000365029,0.003223627
8/4/16,0.003906596,0.001933656,0.005670972,0.001088131
8/5/16,0.008332507,0.000485479,0.029447943,0.022420774
8/8/16,-0.001340047,-0.004923002,-0.000685124,-0.001050099
8/9/16,-0.00686232,0.010742513,0.007832958,0.002677707
8/10/16,0,0,0,0
8/11/16,0,0,0,0
8/12/16,0,0,0,0
8/15/16,0.006872868,0.004331031,-0.002948218,0.012472405
8/16/16,-0.002386379,-0.003747412,-0.001764662,-0.007509394
8/17/16,-0.00363194,0.000386355,0.003416519,0.003713126
8/18/16,0.001535788,0.002535273,0.003527408,-0.001709187
8/19/16,0.000736005,-0.001377054,-0.000897762,0.001238614
8/22/16,0.001184995,-0.000592572,0.000749847,-0.001522401
8/23/16,0.002124403,-0.003203954,-0.003402207,0.002304707
8/24/16,-0.00543367,-0.020235613,-0.000683967,-0.007346026
8/25/16,-0.000251244,-0.00765164,-0.000797059,-0.001234662
8/26/16,0.001921714,0.001669438,-0.006806316,0.002513227
8/29/16,0.001742293,-0.003176671,0.005003346,1.80E-05
8/30/16,0.000539026,-0.001230388,-0.004131871,0.003580639
8/31/16,-0.000216555,-0.004318456,0.013107627,-0.001795111
9/1/16,0.016212795,0.001907705,-9.21E-05,0.018410982
9/2/16,0.002949571,-0.006812566,0.00307147,0.001945505
9/5/16,0,0,0,0
9/6/16,0.004742657,0.007226132,0.00171953,0.013465868
9/7/16,0.004764273,4.70E-05,0.001168533,0.003368298
9/8/16,-0.005974992,0.002029658,-0.005890884,-0.006235845
9/9/16,-0.016074855,-0.012260561,-0.032441396,-0.017431462
9/12/16,0.008298378,0.013970586,0.026382303,0.0098546
9/13/16,-0.009772998,-0.005496433,-0.005874637,-0.006237364
9/14/16,-0.00142201,0.003455344,-0.005931103,-0.002385438
9/15/16,0.005264932,0.004483838,0.015107321,0.002774508
9/16/16,-0.004822093,-0.000676017,-0.002314691,0.000990876
9/19/16,0.002384644,-0.004046068,-0.016502057,-0.001369496
9/20/16,-0.001667406,-0.005673415,0.00225871,-7.97E-06
9/21/16,0.01224338,0.007182106,0.009567631,0.01473474
9/22/16,0.009617538,0.010389475,0.011368082,0.008352271
9/23/16,-0.000403548,0.001882495,-0.003094161,0.003373667
9/26/16,-0.003644496,-0.012387825,-0.004694428,-0.006818304
9/27/16,0.004824732,-0.003097832,0.006833428,0.003478348
9/28/16,0.001465111,-0.002940528,0.003785234,0.000122967
9/29/16,-0.007539403,-0.018483473,-0.011376259,-0.010439183
9/30/16,0.002648666,-0.000810542,0.010550823,0.000635097
10/3/16,-0.002803231,0.002358113,-0.005003647,-0.001909667
10/4/16,-0.001736999,-0.002418937,-0.009856677,0.011777539
10/5/16,0.003555142,0.002124277,-0.004584038,0.005611121
10/6/16,-0.003075383,-0.005344948,0.000930201,-0.002920362
10/7/16,-0.002494771,-0.003559685,-0.002152429,-0.005786989
10/10/16,0.001794776,0.013569325,0.010346211,0.006139056
10/11/16,-0.016339196,-0.009743375,-0.014392916,-0.019341982
10/12/16,-0.003372008,-0.010326482,-0.000344988,-0.001957248
10/13/16,-0.004367208,0.003302152,-0.002005234,-0.007231193
10/14/16,0.001488714,-0.011275016,0.013330393,0.004871734
10/17/16,-0.004624552,-0.005625265,0.00136924,-0.002053797
10/18/16,0.004067753,0.009752849,0.002075954,0.00424852
10/19/16,0.001586852,0.001137221,-0.005315145,0.002521729
10/20/16,-0.004312667,0.005427882,-0.002777383,-0.000891608
10/21/16,0.00016794,-0.005110268,-0.002161276,0.000764532
10/24/16,0.002756841,-0.000394972,0.007966984,0.00129952
10/25/16,-0.004851154,0.004397037,-0.005980709,-0.005773015
10/26/16,-0.004345874,-0.006361913,-0.004194537,-0.009912845
10/27/16,-0.008156961,-0.002569074,-0.004230781,-0.00893091
10/28/16,1.12E-06,-0.011387562,0.002801733,0.006404717
10/31/16,0.001832959,-0.006775956,0.01024808,0.003796077
11/1/16,-0.006985505,0.003358623,-0.007215524,-0.009590695
11/2/16,-0.003884039,-0.011511082,-0.003374702,-0.021000951
11/3/16,-0.009569573,-0.031009128,-0.016324864,-0.010274627
11/4/16,0.009355013,0.012567908,-0.019422213,0.004256521
11/7/16,0.020149167,0.014846619,0.021161726,0.016361499
11/8/16,0.000685323,-0.005281808,0.021406468,0.004975787
11/9/16,0,0,0,0
11/10/16,0,0,0,0
11/11/16,0,0,0,0
11/14/16,-0.005900546,0.001864778,-0.010161807,-0.019407329
11/15/16,0.00945723,-0.008236065,0.011709288,0.029055147
11/16/16,-0.000741369,-0.011476933,0.01141829,0.008179112
11/17/16,0.006069147,-0.000908956,0.007607439,0.013830692
11/18/16,0.003869526,-0.00911895,-0.003306585,-0.006516768
11/21/16,0.002668204,0.00535459,0.01212186,0.002314848
11/22/16,0.003404703,-0.007092802,0.006185201,0.003281783
11/23/16,0.000402486,0.006623749,-0.014641403,-0.001677306
11/24/16,0,0,0,0
11/25/16,0.001795038,-0.000499912,0.005538455,0.001633801
11/28/16,-0.00745087,-0.000643065,0.000608746,-0.006766143
11/29/16,0.000935826,-0.007808584,0.008434041,0.019609056
11/30/16,4.43E-05,0.002664546,-0.016413122,-0.009993943
12/1/16,-0.014048075,-0.008544594,-0.010589745,-0.019321249
12/2/16,-0.001340625,0.002107813,0.003032149,-0.007479161
12/5/16,0.009839339,0.003440054,-0.004795461,0.012256622
12/6/16,0.006973196,-0.003134281,-0.00192414,0.001800904
12/7/16,0.01144465,-0.006860791,0.032245631,0.023664757
12/8/16,0.000112772,0.009031013,-0.004046199,-0.000835353
12/9/16,-0.002689765,0.003868352,0.015270136,0.001311908
12/12/16,-0.007063578,0.001337778,0.001945899,-0.011927402
12/13/16,0.005640063,0.00883655,0.007385943,0.009942445
12/14/16,-0.004990819,-0.00823216,-0.007981407,0.001935991
12/15/16,0.00113914,-0.001252898,0.01011032,-0.01045971
12/16/16,-0.00098995,0.00276889,0.009780367,-0.005092472
12/19/16,-0.000964322,-0.000937895,0.001814236,-0.004007494
12/20/16,0.002908682,-0.001191491,-0.004170951,0.005240226
12/21/16,-0.003749085,0.000379534,0.005245885,0.001237186
12/22/16,-0.007685998,-0.001808392,0.004861406,-0.008935189
12/23/16,0.002502211,0.008163636,0.002691179,-0.000689996
12/27/16,0.005907657,-0.001136849,0.000377771,0.008248501
12/28/16,-0.007843819,-0.005118847,-0.004558494,-0.00706449
12/29/16,0.002392137,0.003441636,0.005011143,-0.000594156
12/30/16,-0.001306256,0.005322047,-0.006237782,-0.006361544
1/3/17,0.004300599,0.015298531,0.003968561,0.008224302
1/4/17,0.011580523,0.007029034,-0.001011488,0.012203716
1/5/17,0.00307936,0.004107205,-0.004263723,0.016091824
1/6/17,0.003560739,-0.013250071,-0.001212621,0.00566654
1/9/17,-0.000457785,0.002007349,-0.004539709,-0.002641514
1/10/17,-0.001489929,0.000393575,-0.000717752,0.010586356
1/11/17,0.004287577,-0.016622749,0.008642867,0.001045416
1/12/17,-0.003614344,-0.001541998,0.005647722,-0.005830783
1/13/17,0.005475606,-0.001607345,-0.002909661,0.006231394
1/16/17,0,0,0,0
1/17/17,0.000708966,-0.002801377,0.007877763,0.007401684
1/18/17,-0.0017008,-0.001651114,0.00384943,-0.000588681
1/19/17,0.000698511,-0.001806289,-0.005028165,0.004399104
1/20/17,0.003793738,-0.004321612,0.010663842,0.000668068
1/23/17,0.000699564,-0.005115969,-0.002110805,0.009379007
1/24/17,0.005529682,0.000631769,-5.81E-05,0.009975427
1/25/17,0.005271686,0.009135731,0.003470947,0.006798082
1/26/17,0.015379553,-0.002953239,0.006873143,0.010663208
1/27/17,-0.00687361,0.005843098,-0.001802064,-0.006933265
1/30/17,-0.002926696,-0.005235587,-0.005248042,-0.001899354
1/31/17,0.007144153,0.011955415,0.000937221,-0.002963692
2/1/17,-0.001477003,0.012119504,-0.007517562,-0.001228183
2/2/17,-0.000256235,0.000627211,0.002877365,-0.000614317
2/3/17,-0.00100439,0.003697896,0.008352235,0.007039755
2/6/17,-0.002981526,0.004834691,-0.005776959,-0.005591121
2/7/17,0.002769004,-0.01067477,-0.000129534,0.004698025
2/8/17,0.005105452,0.004393094,0.003894148,0.009833207
2/9/17,0.004702986,0.002543583,0.006672889,0.01252624
2/10/17,0,0,0,0
2/13/17,0,0,0,0
2/14/17,0.004075935,0.009487467,0.002747301,0.001472524
2/15/17,0.002788993,0.015099868,0.004363485,0.010384775
2/16/17,-0.005057952,-0.005726871,-0.031372594,-0.001463289
2/17/17,0.005238774,0.00136516,0.080704542,-0.004561276
2/20/17,0,0,0,0
2/21/17,0.002940922,0.00464164,-0.010771599,0.008295859
2/22/17,-0.005889495,-0.004094075,-0.012095221,0.003113952
2/23/17,-0.006353725,0.002178161,-0.004155346,-0.003353208
2/24/17,0.001096832,-0.003004206,0.001259717,-0.002845625
2/27/17,0.002715971,0.003897462,-0.018913762,0.009087366
2/28/17,-0.008588476,-0.006878224,0.00576934,-0.006000315
3/1/17,0.005782315,0.009713673,0.00695071,0.002064148
3/2/17,-0.007300335,-0.002480641,-0.002685882,-0.003131845
3/3/17,0.001050002,0.000190601,0.002118339,0.001444959
3/6/17,-0.003015565,-0.010073373,-0.004702096,-0.006102405
3/7/17,-0.005287855,-0.007044467,-0.00420925,0.000337681
3/8/17,-0.004496083,-0.001562992,0.000866497,0.002992243
3/9/17,6.92E-05,-0.001655964,0.003661322,-0.001979373
3/10/17,0.005461509,0.002643664,0.000783995,2.35E-06
3/13/17,0.00235315,-0.001110832,-0.002646646,0.010925412
3/14/17,-0.005125601,-0.00367364,-0.002436614,-0.00522553
3/15/17,0.009050704,0.00649624,0.008055198,0.007008788
3/16/17,0.001955706,-0.002364116,0.007217265,0.006704853
3/17/17,0.001091189,-0.002989316,-0.007236022,0.000265982
3/20/17,0.003682341,-0.000731989,0.001956229,-7.19E-05
3/21/17,-0.013241626,-0.010798815,-0.008695149,-0.026912123
3/22/17,-0.000628831,-0.003044457,0.002692581,0.007935666
3/23/17,0.006460543,0.002516841,-0.000712578,0.005890294
3/24/17,0.002663307,-0.000320711,-0.00250372,0.000483721
3/27/17,-0.000180219,0.006930528,-0.00385133,0.001255941
3/28/17,0.005369287,0.00229546,0.003641714,0.004365043
3/29/17,0.006793828,0.000955486,0.000944119,0.002223473
3/30/17,0.001336454,-0.004671625,-0.001629387,-0.003263795
3/31/17,-0.000222201,-0.00427902,-0.002949408,-0.001615378
4/3/17,-0.004193167,-0.004633616,0.000643395,0.001980318
4/4/17,0.001241131,-0.001001647,0.000286148,-0.008156684
4/5/17,-0.008552183,-0.000923214,0.001940875,-0.002729403
4/6/17,0.006153692,0.004042125,-0.002322961,0.01404819
4/7/17,0.000539902,0.003365961,-0.00276675,-0.006289416
4/10/17,0.00329153,0.001393875,0.002690624,0.006727094
4/11/17,-0.001471582,-0.007031973,0.000332752,-0.003330212
4/12/17,-0.005124661,-0.00320511,0.008182236,0.00110353
4/13/17,-0.006648352,-0.002293203,-0.005396719,-0.009069368
4/17/17,0.007111534,0.000925255,0.003171785,0.009341432
4/18/17,0.000302837,-0.006847457,0.004906765,-0.001163527
4/19/17,0.003404263,0.000251241,-0.004453036,0.008725589
4/20/17,0.00477687,0.002752092,0.004141585,0.01609642
4/21/17,-0.000987476,-0.002187947,-0.004158046,0.00258724
4/24/17,0.008211476,0.007576953,0.011652296,0.013634934
4/25/17,0.005335192,-0.000904469,-0.000303048,0.007220337
4/26/17,0.003867775,0.006179546,-0.010732684,0.010104698
4/27/17,0.002224505,0.004637096,-0.00171003,0.000822498
4/28/17,-0.000972217,-0.000330549,-0.005297583,-0.005321629
5/1/17,0.001192133,0.001821857,-0.007841869,0.009553717
5/2/17,-0.001352589,0.004830253,-0.002498369,-0.009443784
5/3/17,0.00023024,-0.012176003,-0.001345187,-0.013860712
5/4/17,-0.001156493,0.003736078,0.004029948,0.003856076
5/5/17,0.014020908,0.004499182,0.001292944,0.016913498
5/8/17,-0.006286692,-0.006417518,-0.002811604,0.013758579
5/9/17,-0.000384055,0.003375596,-0.000619219,0.002231289
5/10/17,0.005238091,8.96E-05,0.001548656,0.009197093
5/11/17,0,0,0,0
5/12/17,0,0,0,0
5/15/17,0.004934576,-0.00018181,0.005328971,0.002375165
5/16/17,-0.001710309,-0.00358717,-0.005240713,0.011088489
5/17/17,-0.016729441,-0.012780461,0.004089276,-0.02568501
5/18/17,0.001813841,-0.006996899,0.006549878,0.004358984
5/19/17,0.005602875,0.003113449,0.00316219,0.014715828
5/22/17,0.004875805,0.000967124,0.008775638,0.010676373
5/23/17,0.002062725,0.002757375,0.00657965,-0.005712904
5/24/17,0.007555475,0.002230994,0.007644141,0.007910351
5/25/17,0.003090582,0.001603626,0.004109531,0.008492317
5/26/17,0.001347315,0.002664854,0.002681012,0.002015659
5/30/17,0.001710184,-0.00549219,-0.004753836,-0.002526839
5/31/17,0.001079468,-0.000183157,-0.001027391,-0.000431618
6/1/17,0.006166442,0.010377679,0.007272577,0.011979276
6/2/17,0.005966906,0.000479772,0.006686829,0.006870516
6/5/17,-0.008846228,-0.005174808,-0.00178194,-0.000438465
6/6/17,-0.001758707,-0.002198089,-0.003058074,-0.001619021
6/7/17,0.000593162,5.77E-05,0.004685017,0.011680584
6/8/17,0.000515726,0.004463615,-0.009778796,0.009195887
6/9/17,-0.011260879,-0.000139781,-0.014631379,-0.033353487
6/12/17,0.000983941,-0.001251512,0.003514681,-0.001135268
6/13/17,0.007290247,0.001423878,0.004396518,0.007923209
6/14/17,-0.007630876,-0.001842891,-0.000621393,-0.006006909
6/15/17,-0.006001961,-0.004616947,0.000905597,-0.005213673
6/16/17,0.003549324,-0.000235906,-0.018230348,0.002276714
6/19/17,0.006789858,0.00865529,0.004962609,0.020446485
6/20/17,-0.01196859,-0.001023876,-0.00767042,-0.015238768
6/21/17,-0.000781222,0.006751436,-0.000162686,0.019465858
6/22/17,0.003924457,0.007854903,-0.002448209,0.003710622
6/23/17,0.004295879,0.002561221,-0.001887051,0.012087703
6/26/17,0.000854431,0.001480346,0.001863291,0.000521033
6/27/17,-0.01019816,-0.009094945,-0.012897279,-0.022139973
6/28/17,0.01371887,0.006618241,0.006548198,0.014186073
6/29/17,-0.0076355,-0.006521204,-0.018406877,-0.022064981
6/30/17,0.001886762,0.001289719,0.000459572,-6.05E-05
7/3/17,-0.006700903,0.001438233,-0.010011972,-0.005531262
7/5/17,0.00111806,-0.002003929,-0.004738621,0.011768139
7/6/17,-0.005273534,-0.010280042,-0.010404989,-0.009475836
7/7/17,0.005679714,0.000239114,0.00312009,0.00671861
7/10/17,0.003549579,0.000546599,-0.003177846,0.014203958
7/11/17,0.001229761,0.002411509,0.009061208,0.008141591
7/12/17,0.008579021,0.009610145,0.010821162,0.013334148
7/13/17,0.00120231,0.003303601,0.002359874,0.001473679
7/14/17,0.002350622,0.000879735,0.008114037,0.010520929
7/17/17,-0.000964086,0.000682019,-0.000457128,-0.004509157
7/18/17,0.003025295,-0.002868021,-0.000928124,0.015521091
7/19/17,0.008311877,0.002920579,0.001062781,0.004443994
7/20/17,0.001255928,0.00620759,0.002361784,-0.004216182
7/21/17,0.002472027,0.001491551,0.003100695,0.001614091
7/24/17,-0.001951294,-0.00150299,-0.000518861,0.003657881
7/25/17,0.003307047,0.00245156,0.010612399,-0.003222228
7/26/17,0.000403328,0.00136916,0.002047085,0.009638485
7/27/17,0.007939075,-0.004954916,0.00585491,-0.007490558
7/28/17,0.000518148,-0.001339366,-0.003799494,0.005699151
7/31/17,0.007799669,-0.000892756,0.000170868,0.005872311
8/1/17,-0.002368498,-0.001991121,-0.009821311,0.005301863
8/2/17,-0.003726019,-0.0091554,0.001075363,-0.007843564
8/3/17,-0.003550752,-0.023275398,-0.004191828,0.002081215
8/4/17,-0.002339733,-0.014547664,0.001838498,0.006977777
8/7/17,0.000101541,-0.011105053,0.002602681,0.010465071
8/8/17,-0.000552912,-0.006067089,-0.007678785,0.003090248
8/9/17,0.004993936,-0.00402093,0.002177208,-0.00131059
8/10/17,0,0,0,0
8/11/17,0,0,0,0
8/14/17,0.005971512,-0.003952492,0.008220829,0.006977875
8/15/17,-0.004106803,0.002467311,-0.001589707,-0.005011616
8/16/17,0.001650226,0.002109505,0.004093324,-0.000523209
8/17/17,-0.008078092,-0.007077566,-0.016629144,-0.023725194
8/18/17,0.000170674,0.000431079,-0.005368132,-0.001012977
8/21/17,0.002830672,-0.002180584,0.001353071,0.008524556
8/22/17,0.004916501,0.005027811,0.006422655,0.013020209
8/23/17,-0.003815694,-0.003586431,-0.004603964,-0.001339076
8/24/17,-0.001283057,0.002562261,-0.017336987,-0.002939508
8/25/17,-0.001021074,0.000686764,0.000154676,-0.014704315
8/28/17,0.002092084,0.00227715,-0.004200555,-0.002528628
8/29/17,0.00043995,-0.001846869,-0.006329281,0.00521851
8/30/17,0.003914745,-2.51E-05,0.005945829,0.014501564
8/31/17,0.00494269,0.012624248,-0.007811087,0.009199175
9/1/17,-0.001226763,0.001107883,0.001343078,-0.000493529
9/5/17,-0.001294058,-0.011469209,-0.00093768,-0.009971964
9/6/17,0.002053112,0.002147142,0.003270732,0.003860337
9/7/17,-0.001191454,-0.001420963,0.000241896,0.006670091
9/8/17,-0.003051793,0.000749305,0.00251307,-0.003306193
9/11/17,0.000816983,0.014652479,0.010915195,0.012066004
9/12/17,0.00313672,0.0023782,-0.001263028,0.008287179
9/13/17,0.001983211,-0.005226596,-0.002206098,0.014113967
9/14/17,-0.003070239,-0.008587233,-0.006502431,-0.001689455
9/15/17,-0.000158009,-0.005298632,0.001578612,-0.001527139
9/18/17,-0.000671146,-0.003060235,0.000294801,0.006785489
9/19/17,-0.003916642,0.000839209,-0.005948411,-0.00067573
9/20/17,0.000547032,0.000141447,-0.006219085,-0.003225885
9/21/17,-0.00409926,-0.004375965,-0.007075252,-0.006224889
9/22/17,0.00018521,0.001370558,-0.0137588,-0.002417674
9/25/17,-0.004657474,0.003431275,0.008392436,-0.021717655
9/26/17,0.00049105,-0.003814796,0.002020247,-0.006081098
9/27/17,0.00700384,0.005921249,-0.001738804,0.003454595
9/28/17,-0.001084023,-0.00665364,-0.00226167,-0.006558481
9/29/17,0.004560545,0.00616951,-0.002373999,0.003679936
10/2/17,0.001708586,0.011939402,0.005404746,0.009557846
10/3/17,0.002102306,-0.001287804,0.003403527,0.007964717
10/4/17,0.000105144,0.010585476,-0.000932377,-0.00459019
10/5/17,0.002519037,-0.002141368,0.005948046,0.010978509
10/6/17,-0.001355676,-0.001353676,-0.001291312,-0.000411263
10/9/17,-0.003294509,-0.004799457,-0.01207247,0.00084844
10/10/17,-0.000572736,0.001926373,0.009341913,0.00905851
10/11/17,0.002238188,2.40E-05,0.001238611,-0.00414173
10/12/17,-0.004892055,-0.008459212,-0.00167338,-0.012563203
10/13/17,-0.000766683,-0.002527235,-0.002376136,-0.00026091
10/16/17,-0.001030268,-0.006919434,0.000926985,0.006511445
10/17/17,-0.001027805,0.001628942,-0.002882506,-0.004218754
10/18/17,-0.00116728,-0.007150567,-0.002459928,0.00494918
10/19/17,-0.002063041,0.005359126,-0.006275026,-0.01060597
10/20/17,0.002271155,-0.000602552,0.004498769,0.002819558
10/23/17,-0.004255192,-0.004291675,0.00251318,-0.008789014
10/24/17,-0.004025876,-0.001726296,0.003547026,0.002099352
10/25/17,-0.002472048,-0.001805235,-0.000768356,-0.008465484
10/26/17,-0.014020572,-0.007441578,-0.003836117,-0.0126917
10/27/17,0.003142172,0.000373752,9.11E-05,0.017694594
10/30/17,0.002595604,-0.004175345,-0.020871902,-0.001231099
10/31/17,0.007344728,0.00067757,0.019297391,0.005615936
11/1/17,0.001382454,0.009220558,0.004944032,0.001463626
11/2/17,-0.00108036,-0.022453415,0.003270029,0.006420415
11/3/17,-0.002354666,0.000721312,0.000359811,0.004194201
11/6/17,0.008562418,0.00856773,-0.008697699,0.012868801
11/7/17,-0.003370751,-0.02663662,0.008715212,-0.000590636
11/8/17,-0.000781784,0.004450279,0.010295304,-0.001382562
11/9/17,-0.001423826,0.004891832,-0.002371576,-0.011289534
11/10/17,0.000181829,0.000875555,0.002748549,0.001450851
11/13/17,0,0,0,0
11/14/17,-0.008979054,-0.003417886,-0.005496995,-0.01481297
11/15/17,-9.27E-05,0.002363581,-0.00562178,-0.003582402
11/16/17,0.01163891,0.006872171,0.017611021,0.017044112
11/17/17,0.004325953,0.002194583,0.000232499,-0.005227163
11/20/17,-0.002602201,-0.00614482,0.003830734,-0.006601577
11/21/17,0.004353562,0.002129993,0.002916724,0.010290798
11/22/17,0.001572057,0.006869806,-0.002382482,-0.006711804
11/24/17,-0.000369062,-0.00010666,0.000464314,0.000384403
11/27/17,-0.009714707,-0.00349945,-0.002032237,-0.009371886
11/28/17,0.00811152,0.001832502,-0.00206334,0.002526577
11/29/17,0.001309228,0.003533379,0.019917612,-0.017637261
11/30/17,0.000845032,-0.004037692,0.004974642,0.001692435
12/1/17,0.005808723,0.001531316,-0.001728006,-0.00391522
12/4/17,-0.006966927,-0.004668286,0.007474047,-0.012990359
12/5/17,-0.005089363,-0.004080904,-0.011799703,0.001914942
12/6/17,-0.009193601,-0.004718141,0.001969705,0.018509304
12/7/17,0.002369976,-0.000391176,-0.008949255,0.009378361
12/8/17,4.00E-06,0.009304831,-0.006297263,0.004878255
12/11/17,0.008502067,0.010088441,0.000601857,0.007069151
12/12/17,-0.005485648,0.000431402,0.006161398,-0.002250192
12/13/17,-0.00133634,-0.001380847,0.001946305,0.011006403
12/14/17,-0.001157122,-0.002099269,-0.004088293,-8.17E-05
12/15/17,-0.001293754,0.00394684,0.006552324,0.008934986
12/18/17,0.004131656,0.008890799,0.000897884,0.007729926
12/19/17,-0.009196045,-0.004364576,-0.00908035,-0.000831582
12/20/17,-0.003890458,-0.001558082,-0.010256098,0.000854
12/21/17,0.013778925,0.00740277,0.006314708,0.011280476
12/22/17,0.000543602,-0.003964231,0.003543258,0.000606763
12/26/17,-8.58E-05,0.001306785,-0.001169851,-0.003018145
12/27/17,-0.003360889,-0.000915505,-0.001548039,0.000239004
12/28/17,0.007424025,-0.000591923,0.000761391,-0.001582665
12/29/17,0.002196546,-0.000662051,-0.002753544,-0.00101743
1/2/18,0.014546379,0.015044866,-0.004783597,0.031017308
1/3/18,0.004657549,2.71E-05,0.001978828,0.00567628
1/4/18,-0.000914382,0.004196483,0.010742792,0.004064828
1/5/18,0.004071577,0.000823295,0.000736741,0.022022713
1/8/18,0.004472593,-0.003738679,0.005085085,0.003434925
1/9/18,-0.001027518,0.000872262,0.001789078,0.000708306
1/10/18,-0.00275277,-0.002290278,-0.005720023,-0.004780659
1/11/18,0.010540561,0.011772562,-0.002062792,0.017661798
1/12/18,0.002589653,0.002418104,0.003807351,0.002593723
1/16/18,-0.005125877,-0.005552537,0.009645855,-0.011961754
1/17/18,0.00824878,-0.002484634,0.013650303,0.008471973
1/18/18,0.002360643,-0.00072379,-0.007388298,-0.00071668
1/19/18,0.004771189,0.001870224,0.005331129,0.003258297
1/22/18,0.0077162,0.009470719,0.007179155,0.003236421
1/23/18,0.000210901,0.000202163,0.001083842,0.008253159
1/24/18,0.001419023,-2.82E-05,-0.004213844,0.010931391
1/25/18,0.000819975,-0.001690102,-0.00164112,0.015586653
1/26/18,0.00526759,0.002281547,0.000410259,0.0257528
1/29/18,-0.007570379,-0.005163014,-0.010772641,-0.007115179
1/30/18,-0.003661993,-0.014503123,-0.001082125,-0.011371436
1/31/18,0.001024143,-0.003727056,0.000126606,0.004307249
2/1/18,-0.002084661,0.000545194,0.001500375,-0.014409812
2/2/18,-0.000558992,-0.014117549,-0.017722614,-0.020659044
2/5/18,-0.025794226,-0.021300184,-0.03712579,-0.033011039
2/6/18,0.001447083,0.007532837,0.007570589,0.017441037
2/7/18,-0.001689138,0.002048069,-0.007242151,-0.005466888
2/8/18,-0.026590924,-0.023493467,-0.029650807,-0.044806333
2/9/18,-0.003157958,-0.00099675,0.001107052,0.008973451
2/12/18,0.01575123,0.006871686,0.009962184,0.016197539
2/13/18,0,0,0,0
2/14/18,0.018339237,0.01434586,0.006289366,0.020123471
2/15/18,0.022235712,0.00700706,0.01030445,0.01328995
2/16/18,-0.001453326,0.000612739,-0.016877432,0.000517676
2/20/18,-0.002553178,-0.003856721,-0.022478813,-0.000512564
2/21/18,-0.005056106,-0.005319043,-0.012824986,0.000735191
2/22/18,-0.004248722,-0.002516488,0.001626258,-0.000676031
2/23/18,0.013610163,0.005862245,0.01840762,0.016525668
2/26/18,0.003984307,0.006145403,0.009546463,-0.00141234
2/27/18,-0.018334774,-0.007856188,-0.021109853,-0.012553981
2/28/18,-0.010668244,-0.011224233,-0.011476842,-0.002809682
3/1/18,-0.008891875,-0.002514029,-0.004376063,-0.010229387
3/2/18,0.005818918,0.004593098,0.003787266,0.004037413
3/5/18,0.011058903,0.009996657,0.005790484,0.007931521
3/6/18,0.002313861,0.007758845,0.003531165,0.008665479
3/7/18,0.003181372,-0.001636951,-0.002510116,0.007709642
3/8/18,0.003682617,0.000105885,0.003420036,0.007167893
3/9/18,0.008934685,0.004583037,0.006095663,0.020985898
3/12/18,0.002216839,0.000823487,0.005385236,-0.002574746
3/13/18,-0.01482176,-0.001928032,-0.007091531,-0.009928453
3/14/18,-0.006479489,0.000568598,-0.011130696,0.002049931
3/15/18,-0.004813702,-0.004520606,-0.012432824,0.003954941
3/16/18,0.002788045,0.004463286,0.000368226,0.000616938
3/19/18,-0.011523246,-0.012462422,-0.017947889,-0.009022906
3/20/18,-0.00335908,-0.00733367,-0.00754398,0.003856484
3/21/18,0.005399878,0.004742459,-0.013127199,-0.004043316
3/22/18,-0.017787351,-0.011646903,-0.023079286,-0.022191757
3/23/18,-0.016558546,-0.010530424,-0.011274354,-0.009715878
3/26/18,0.00761964,0.008755765,0.024916781,0.025326474
3/27/18,-0.018047264,-0.005019275,-0.015414818,-0.02426802
3/28/18,-0.005905426,0.003275846,0.007455125,-0.009909037
3/29/18,0.011995528,0.007800994,0.014097844,0.016626721
4/2/18,-0.022197527,-0.016517332,-0.030521198,-0.019698895
4/3/18,0.005024884,0.006822899,0.006222628,0.008499321
4/4/18,0.014780997,0.003620537,0.015293525,0.00601753
4/5/18,0.011386272,0.003219529,0.001332827,0.005186843
4/6/18,-0.015900601,-0.011251313,-0.014487139,-0.014856248
4/9/18,0.000776349,0.002365244,0.001869217,0.000780333
4/10/18,0.010863851,0.016955909,0.008524547,0.017408224
4/11/18,-0.001762175,-0.001790069,0.000830788,-0.001127269
4/12/18,0.012033928,0.002102393,-0.003495503,0.004801938
4/13/18,-0.00696053,-0.004590164,-0.002065399,-0.00544848
4/16/18,0.010799899,0.004190959,0.005940425,0.004472964
4/17/18,0.006933352,0.004547341,0.005965175,0.019043716
4/18/18,0.005770372,0.002809173,-0.006138758,0.005043427
4/19/18,-0.008605548,-0.00594416,-0.012693368,-0.000305508
4/20/18,-0.007810465,-0.004989515,-0.018703049,-0.00874431
4/23/18,0.002767258,-0.000789414,-0.008145871,-0.005841549
4/24/18,-0.010466611,-0.002791472,-0.015645309,-0.011288906
4/25/18,-0.000198607,-0.002036183,0.003021229,-0.009719725
4/26/18,0.007126944,0.004415743,0.005723551,0.018663551
4/27/18,-0.032711267,0.000141988,0.00166321,-0.005245444
4/30/18,0.004538211,-0.011805951,-0.015002489,-0.001434906
5/1/18,0.008046225,0.001156599,-0.006230576,0.005325963
5/2/18,-0.007923024,-0.011448098,-0.019454201,0.000130784
5/3/18,-0.005583732,-0.010605918,0.008883143,0.000822177
5/4/18,0.013362817,0.006909271,0.04263747,0.00879398
5/7/18,0.008047081,0.00299423,0.010427937,0.008953503
5/8/18,-0.003792528,-0.010821456,-0.00135434,-0.000946081
5/9/18,-0.001844381,0.00730929,-0.001341012,0.002438358
5/10/18,0.009722629,0.010401192,0.009593634,0.004004602
5/11/18,-0.004716669,0.000982067,0.002624495,-0.004124584
5/14/18,0,0,0,0
5/15/18,-0.000725895,-0.001408825,-0.003189487,-0.014605918
5/16/18,0.00863725,0.00624438,0.005479527,0.004309952
5/17/18,-0.00195549,0.002523886,-0.006267143,-0.00513977
5/18/18,-0.00435734,-0.002672472,-0.012831895,-0.002211909
5/21/18,0.002503394,-0.001195254,-0.001152944,0.010369939
5/22/18,-0.0023452,0.001167786,-0.000239654,-0.002454589
5/23/18,-0.000898707,-0.000658552,0.005061831,0.011107732
5/24/18,-0.002159873,-0.002229346,0.000880072,0.002245334
5/25/18,0.002145932,0.002160218,0.008299491,-0.000916126
5/29/18,-0.010713941,-0.005302891,-0.009372574,-0.009612725
5/30/18,0.004652898,0.004130648,0.019949823,0.006913615
5/31/18,-0.008053711,-0.006034103,-0.017406959,0.002284162
6/1/18,0.005212254,0.003764354,0.00515808,0.013489741
6/4/18,0.005988873,-0.004368054,0.011073346,0.009576616
6/5/18,0.00075763,0.006978316,-0.006192383,0.009552662
6/6/18,0.010718273,0.009915093,0.004335301,0.010587475
6/7/18,-0.000923486,0.009195055,-0.002086221,-0.01363364
6/8/18,0.001794956,0.007805125,0.010082634,0.008574666
6/11/18,0.005265346,0.004533725,0.01613121,-0.00060873
6/12/18,0.00497832,0.000431106,0.00296615,0.011772978
6/13/18,-0.006118326,-0.00085614,-0.002114851,-0.007563364
6/14/18,0.004935604,-3.86E-05,0.006398805,0.018529106
6/15/18,-0.00187762,-0.000626408,0.011291371,-0.007020825
6/18/18,0.000310721,-0.000263089,-0.008114914,0.002779143
6/19/18,-0.00346277,0.001863549,0.009820999,-0.005693141
6/20/18,0.004406308,0.005694583,0.00954333,0.007516841
6/21/18,-0.005383174,-0.005493709,-0.007409625,-0.011427566
6/22/18,0.003406431,0.004966187,0.006902962,-0.001541501
6/25/18,-0.014342215,-0.007227221,-0.004659697,-0.03026966
6/26/18,0.003499302,-0.001591286,-0.001814457,0.005345281
6/27/18,-0.010853699,-0.008075297,-0.009068735,-0.021169588
6/28/18,0.004181085,5.79E-05,0.002398351,0.010387579
6/29/18,-0.000692586,-0.002212309,0.000539939,0.000916903
7/2/18,0.00015026,0.002083286,-0.006129573,0.006801414
7/3/18,0.000753072,-0.001748861,0.003852689,-0.006875761
7/5/18,0.006601184,0.00527953,0.014715936,0.008480629
7/6/18,0.012643315,0.009595078,0.007422586,0.014642225
7/9/18,0.008679934,0.005255838,0.000490575,0.004454487
7/10/18,9.74E-06,-0.001692034,0.000456805,-0.007234104
7/11/18,-0.006964911,-0.01010243,-0.006040103,-0.00687411
7/12/18,0.006349035,0.004375093,0.002512482,0.010916553
7/13/18,-0.001031892,0.001024811,0.002660082,0.00028334
7/16/18,-0.000854664,-0.005462148,-0.011606274,-0.002055364
7/17/18,0.000129961,-0.00242421,0.004608412,0.001477298
7/18/18,-0.00011824,-0.001467242,-0.012126883,-0.003226845
7/19/18,-0.00417607,-0.004655604,-0.004324552,-0.007675697
7/20/18,-0.001612132,-0.001695267,-0.005897771,-0.003937291
7/23/18,-0.002118119,-0.001390352,-0.002287326,0.001666597
7/24/18,-0.005100061,0.000925024,-0.007629645,0.000983106
7/25/18,-0.001094992,0.003550779,0.003487331,0.020241117
7/26/18,0.001938022,-0.003043591,0.006802095,-0.021118888
7/27/18,-0.008905483,0.000372635,-0.006623025,-0.014416879
7/30/18,-0.004830186,0.00471455,-0.002308984,-0.024583602
7/31/18,0.010458212,0.005690296,0.001362097,0.004780189
8/1/18,-0.015330129,-0.005111716,-0.011222655,0.0001352
8/2/18,0.00242689,-0.000981733,0.002728971,0.009181035
8/3/18,0.001796194,0.013629916,0.054424971,-0.001707129
8/6/18,0.006661335,0.005636242,-0.021611462,0.008851739
8/7/18,-0.001867822,0.003362965,-0.008197636,-0.001567837
8/8/18,0.002017571,0.005967196,-0.010245896,-0.004221167
8/9/18,0.004563216,-0.004652435,-0.004623111,-0.001589792
8/10/18,-0.00557761,-0.002446136,-0.006300129,-0.016537106
8/13/18,0,0,0,0
8/14/18,0.000692727,0.005705263,0.005501231,-0.005002044
8/15/18,-0.011541168,-0.008253641,-0.005882282,-0.019355228
8/16/18,0.011323248,0.004126598,0.021862528,-0.002615425
8/17/18,0.001458049,0.003735371,0.010069742,-0.009306308
8/20/18,0.001651408,0.007360384,-0.00032236,0.009379753
8/21/18,0.01069459,0.006843898,-0.007703885,0.010367998
8/22/18,0.001131722,-0.002784373,-0.00409496,0.007464519
8/23/18,-0.004627971,-0.005066368,-0.010323844,-0.01009752
8/24/18,0.006674303,0.004228612,0.004690886,0.012350343
8/27/18,0.00523819,0.001995871,0.008638794,0.019590328
8/28/18,0.00064608,0.00123558,-0.006537132,-0.005676908
8/29/18,0.003577942,0.002776267,0.006233625,0.001878792
8/30/18,-0.007327612,-0.001927131,-0.016174459,-0.013139368
8/31/18,0.003071818,0.000751896,0.00311761,-0.000409928
9/4/18,-0.001579001,-0.004159136,-0.017687776,-0.014064885
9/5/18,-0.006677076,-0.001899173,0.000306648,-0.040847008
9/6/18,-0.008370283,-0.004372832,-0.002910687,-0.00352193
9/7/18,0.002157314,-0.000861747,-0.003002815,0.002302919
9/10/18,0.004552479,3.63E-05,0.008984016,-0.001346221
9/11/18,0.001953326,-0.004287496,0.007188891,0.006222004
9/12/18,0.002715207,0.009984346,0.014784923,0.003880318
9/13/18,0.006199693,0.005500948,0.007570691,0.006022654
9/14/18,0.004330411,-0.003147268,-0.004812894,-0.00225669
9/17/18,-0.007657022,-0.006063884,-0.008786573,-0.021380488
9/18/18,0.007135786,0.004386625,-0.010175469,0.007880711
9/19/18,0.00212341,0.00267273,-0.001223449,0.005440859
9/20/18,0.004427223,0.006202681,0.009847359,0.011430636
9/21/18,-0.001724249,-0.000370216,-0.00648857,-0.001484892
9/24/18,-0.007073149,-0.005287223,-0.011071385,-0.003208576
9/25/18,-0.002418887,-0.00365253,-0.011873711,0.004900254
9/26/18,-0.005042602,-0.002545483,-0.006772621,0.007576037
9/27/18,0.003526864,0.003482305,-0.001143142,0.005109457
9/28/18,0.002185999,0.002045263,-0.001476454,-0.002683909
10/1/18,-0.0040459,0.000250881,0.00618107,-0.005249713
10/2/18,0.001561813,0.00521384,0.001470435,-0.009740845
10/3/18,0.002574518,0.00145561,-0.003772258,0.002983484
10/4/18,-0.010205606,-0.00866252,-0.004069291,-0.027458433
10/5/18,-0.010609217,-0.004302826,-0.000683808,-0.015004371
10/8/18,-0.003268494,-0.000670952,0.013890084,-0.008057521
10/9/18,0.001612526,-0.000648781,-0.012481543,-0.003110535
10/10/18,-0.029343082,-0.01096973,-0.015192721,-0.05381612
10/11/18,-0.012847264,-0.013790455,-0.027130868,0.001484821
10/12/18,0.010740854,0.006281139,0.009289225,0.03126234
10/15/18,0.001587093,0.002778351,0.004125124,-0.004767758
10/16/18,0.021176508,0.013327825,0.018882886,0.032057965
10/17/18,0.009851948,-0.000435436,0.010474716,-0.00734687
10/18/18,-0.010673246,-0.005335541,-0.01377632,-0.029240333
10/19/18,-0.014772585,0.001980151,0.023741881,-0.010030356
10/22/18,-0.012041518,-0.005204714,-0.017305171,0.010424353
10/23/18,-0.005790487,-0.00399544,0.003268765,-0.004478517
10/24/18,-0.029192213,-0.032099428,-0.02116894,-0.049369636
10/25/18,0.021549502,0.008035758,0.008064187,0.039548459
10/26/18,-0.019403558,-0.00771786,-0.024951169,-0.01504327
10/29/18,-0.008862569,-0.000539226,0.009596672,-0.026634984
10/30/18,0.017068603,0.005053451,0.009168341,0.020352493
10/31/18,0.015615495,0.005791196,-0.002482504,0.038588799
11/1/18,0.01554546,0.022372156,0.022348371,0.020184616
11/2/18,-0.00087826,-0.004116396,-0.063905932,-0.012466483
11/5/18,0.002988103,0.001782077,0.022699879,0.001978217
11/6/18,0.002418698,0.018753823,0.014526704,0.001694305
11/7/18,0.01333736,0.005448991,0.011901555,0.026836499
11/8/18,-0.010045279,-0.00484138,-0.006051664,-0.028507064
11/9/18,-0.012145396,-0.006837611,0.004150017,-0.018638841
11/12/18,-0.018183828,-0.00960638,-0.010553839,-0.021558931
11/13/18,0,0,0,0
11/14/18,-0.001916949,-0.008304466,-0.010577361,0.006289177
11/15/18,0.006886456,0.006806385,0.000900569,0.019773255
11/16/18,0.005377193,-0.00021075,-0.002211025,-0.009001079
11/19/18,-0.017276695,-0.012187312,-0.009245732,-0.048750205
11/20/18,-0.022215169,-0.016306158,-0.018707238,-0.017058872
11/21/18,0.012991498,0.009498028,0.009085915,0.018122958
11/23/18,0.001719988,-0.000738535,-0.001130997,-0.009679748
11/26/18,0.017137015,-0.002214377,0.007141362,0.037716637
11/27/18,0.005143439,-0.000801199,0.009636226,0.003721958
11/28/18,0.014748096,0.01372294,0.003749751,0.027961786
11/29/18,-0.000631714,0.000808445,-0.00196901,-4.17E-05
11/30/18,-0.002263527,-0.004424467,0.002390593,0.001082829
12/3/18,0.002402611,0.000530183,0.004974596,0.022943334
12/4/18,-0.025609523,-0.015528236,-0.030254324,-0.03794131
12/6/18,0.004427482,-0.001312489,-0.005372783,0.00766106
12/7/18,-0.019901683,-0.012730064,-0.02269793,-0.024372294
12/10/18,-0.009854408,-0.004736048,-0.00770924,-0.002190219
12/11/18,-0.00168595,-0.00316447,0.000611465,0.001262227
12/12/18,0.009128227,0.00814717,0.00279762,0.017474871
12/13/18,-0.006230765,-0.005056076,0.000476247,-0.00433999
12/14/18,-0.007269209,-0.012272964,-0.020367145,-0.015390699
12/17/18,-0.020118824,-0.009836812,-0.016709099,-0.031662952
12/18/18,-0.003366095,-0.004434382,-0.007273262,0.003683733
12/19/18,-0.016730937,-0.021254023,-0.020558865,-0.015881346
12/20/18,-0.016672784,-0.008347242,-0.011045183,-0.025463163
12/21/18,-0.02271971,-0.020979602,-0.022569593,-0.02889238
12/24/18,-0.019152321,-0.011785941,-0.029165298,-0.020180967
12/26/18,0.042976856,0.029338061,0.030958017,0.059908731
12/27/18,0.004183801,-0.00747228,0.009148608,0.004813198
12/28/18,0.001144815,0.000862818,-0.004019363,-0.006178061
12/31/18,0.007058978,0.005695022,-0.004083596,0.005695712
1/2/19,0.006026557,0.015429102,0.007880761,-0.001553517
1/3/19,-0.007847805,-0.007403228,-0.00847771,-0.032052918
1/4/19,0.029881412,0.027031659,0.033560329,0.061341261
1/7/19,0.009051444,0.014474527,0.014111098,0.017184767
1/8/19,0.010759765,0.008050164,0.001543766,0.005851462
1/9/19,0.008629563,-0.000799728,-0.000534385,0.019787838
1/10/19,0.002869249,-0.000387926,0.007422834,0.003162938
1/11/19,0.011189741,0.004231629,0.002050705,-0.002151893
1/14/19,-0.001998813,-0.005161468,0.007797649,-0.0012534
1/15/19,0.006396736,0.002851414,0.012878778,0.021565906
1/16/19,0.004426132,0.000645738,0.005657146,0.004354118
1/17/19,0.003667272,0.007093388,0.006109107,0.005210365
1/18/19,0.004605311,0.005346025,0.009284614,0.013974303
1/22/19,-0.014371243,-0.011829807,-0.008773858,-0.022135678
1/23/19,-0.000520375,6.27E-05,-0.000239722,0.001897414
1/24/19,0.005937359,0.007146101,-0.003747984,0.012176366
1/25/19,0.012897187,0.010721595,0.007475595,0.021189956
1/28/19,-0.000712895,-0.003858316,0.002047389,-0.005807228
1/29/19,-0.004786852,-0.007697445,-0.000312491,-0.00768668
1/30/19,0.008519015,0.010521477,0.001555669,0.027241884
1/31/19,0.028801182,0.007598198,0.018802797,0.014584269
2/1/19,0.010911437,0.00600583,-0.00255557,0.001809624
2/4/19,-0.000514305,-0.000347279,0.002441529,0.012529005
2/5/19,0.005616208,0.004596769,0.006945713,0.016791488
2/6/19,-0.000983876,-0.00159027,-0.007604538,-0.006489709
2/7/19,-0.005301009,-0.009291246,-0.008186748,-0.023491432
2/8/19,0.002839905,0.002668026,0.002275678,0.005738897
2/11/19,-0.000991149,0.003465455,0.000129555,0.007071627
2/12/19,0,0,0,0
2/13/19,0,0,0,0
2/14/19,0.002795494,0.001986729,-0.00438081,-0.003986545
2/15/19,0.006410423,0.007684443,0.01038887,0.005963917
2/19/19,0.003436865,0.000896492,0.002877196,0.005297559
2/20/19,0.003650117,-0.001689633,0.00536863,0.003833474
2/21/19,-0.001400859,-0.004179727,-0.001716933,-0.006759965
2/22/19,0.001011141,0.004447318,-0.139819698,0.022028912
2/25/19,-0.002242325,-0.003639445,-0.009525103,0.005358174
2/26/19,-0.006030256,-0.006117631,-0.017294108,-0.001617324
2/27/19,-0.003738533,-0.013565641,-0.014170033,0.007531697
2/28/19,0.001145543,0.017573104,0.015375587,-0.00538725
3/1/19,0.005291673,0.006226769,-0.011270431,0.006593186
3/4/19,-0.002872248,-0.002861362,0.008612023,-0.001126034
3/5/19,-0.003056322,-0.006115486,-0.004871187,0.007795019
3/6/19,-0.008325948,-0.010320531,-0.007947586,0.000752968
3/7/19,-0.007840795,0.003631552,-0.01321016,-0.019471194
3/8/19,0.000350091,0.003437409,0.004437279,-0.005996405
3/11/19,0.0154351,0.005009386,0.005323856,0.019401081
3/12/19,-0.000179926,0.003514303,-0.002000588,0.001199339
3/13/19,0.002723685,-0.001074401,0.01008158,0.001127039
3/14/19,-0.000275488,0.001952446,-0.006597195,-0.00824149
3/15/19,0.003264306,0.0039478,0.00544874,0.005082725
3/18/19,0.00669175,-0.000263108,-0.000291698,0.002991463
3/19/19,0.000153875,0.00203954,0.00560849,0.011595641
3/20/19,-0.004682776,-0.004472327,-0.007398686,-0.000403528
3/21/19,0.015108603,0.004746353,0.018897918,0.013332984
3/22/19,-0.017663964,-0.013697921,-0.016744871,-0.028229633
3/25/19,-0.003330151,-0.00042002,0.000971503,0.0107368
3/26/19,0.004386922,0.005640956,0.009190317,0.005378055
3/27/19,-0.003993552,-0.00732138,-0.004277715,-0.006040576
3/28/19,0.003216194,-0.006963166,0.005932334,0.005963609
3/29/19,0.001392295,0.003030353,-0.001276721,0.012783273
4/1/19,0.008999531,0.010072854,0.0039724,0.013181982
4/2/19,0.00019323,-0.005619134,-0.006623129,0.001151836
4/3/19,0.003561651,0.001304618,0.005193189,0.003251813
4/4/19,0.001254559,0.010629643,0.008458654,-0.008037017
4/5/19,0.006880039,0.006483837,0.009357386,0.00612752
4/8/19,0.000482765,-0.000310193,0.000152665,0.000840616
4/9/19,-0.005657423,-0.004396179,-0.006536249,-0.002497391
4/10/19,0.009807689,0.008366442,0.002911752,0.005268558
4/11/19,0.003406255,-0.003958569,-0.000637277,-0.00049638
4/12/19,0.005662835,-0.001164851,0.004216964,0.007315618
4/15/19,-0.001421975,-0.001156293,0.000397905,-0.010492326
4/16/19,0.002699394,0.00038816,-0.000830954,0.000836699
4/17/19,-0.00289674,-0.006467167,-0.004409486,0.003222157
4/18/19,0.001447915,0.001221812,0.000581549,0.001916072
4/22/19,-0.002585724,-0.007332651,-0.003640216,-0.00108777
4/23/19,0.00716735,0.003484596,0.006471749,0.013277609
4/24/19,0.002283888,0.001008616,-0.003999884,-0.006385801
4/25/19,-0.000284876,-0.001290828,-0.005153151,0.004847775
4/26/19,0.008149451,0.009161682,0.012354863,0.010433875
4/29/19,0.001254351,0.002719167,0.006250682,0.005223265
4/30/19,-0.001294517,-0.002211449,-0.000259252,-0.003701941
5/1/19,-0.005847051,-0.001341191,-0.007936313,-0.007832997